app,score
coloring book moana,1.1818181818181819
garden coloring book,3.0444444444444443
flipaclip - cartoon animation,7.0
boys photo editor - six pack & men's suit,1.7105263157894737
colorfit - drawing & coloring,3.6315789473684212
animated photo editor,1.7142857142857142
anime manga coloring book,3.3333333333333335
easy origami ideas,0.9411764705882353
floor plan creator,2.6216216216216215
"canva: poster, banner, card maker & graphic design",2.4473684210526314
cdl practice test 2018 edition,2.5416666666666665
free vin report for used cars,2.8285714285714287
dmv permit practice test 2018 edition,3.088235294117647
"android auto - maps, media, messaging & voice",5.419354838709677
best car wallpapers,-0.3333333333333333
best car sounds,2.1621621621621623
autoscout24 switzerland ‚Äì find your new car,1.8918918918918919
fuelio: gas log & costs,2.5
"bestcam selfie-selfie, beauty camera, photo editor",-0.5656565656565656
hairstyles step by step,3.3333333333333335
filters for selfie,1.3650793650793651
beauty camera - selfie camera,1.9722222222222223
filters for b live,1.1
dresses ideas & fashions +3000,1.7586206896551724
amazon kindle,0.9230769230769231
cool reader,2.289473684210526
dictionary - merriam-webster,2.375
free panda radio music,0.5
fbreader: favorite book reader,1.8717948717948718
alreader -any text book reader,2.6923076923076925
familysearch tree,1.4333333333333333
ebook reader,2.4358974358974357
all maths formulas,1.606060606060606
ancestry,2.081081081081081
htc help,-0.1
english-myanmar dictionary,2.1315789473684212
golden dictionary (en-ar),1.7567567567567568
all language translator free,2.3333333333333335
azpen ereader,1.434782608695652
docs to go‚Ñ¢ free office suite,1.5833333333333333
google my business,1.0769230769230769
curriculum vitae app cv builder free resume maker,2.763157894736842
google primer,3.0
facebook pages manager,-0.20588235294117646
box,2.3333333333333335
call blocker,-0.3333333333333333
easy installer - apps on sd,0.10256410256410256
facebook ads manager,0.7428571428571429
genius scan - pdf scanner,2.923076923076923
fast scanner : free pdf scan,2.77027027027027
google ads,1.1944444444444444
freshbooks classic,1.2077922077922079
hipchat - chat built for teams,-0.36363636363636365
crew - free messaging and scheduling,3.375
asana: organize team projects,2.86046511627907
adwords express,0.76
accounting app - zoho books,2.3098591549295775
cisco webex meetings,1.6923076923076923
cisco webex teams,0.625
dc comics,3.0
"best wallpapers backgrounds(100,000+ 4k hd)",1.9
gmail,0.203125
hangouts,1.6842105263157894
firefox browser fast & private,1.7419354838709677
contacts,0.15789473684210525
browser 4g,1.9411764705882353
cricket visual voicemail,-0.775
firefox focus: the privacy browser,2.171875
google voice,-0.125
chrome dev,1.1282051282051282
android messages,0.5581395348837209
google duo - high quality video calls,4.555555555555555
at&t visual voicemail,0.16
gmx mail,2.0
calls & text by mo+,2.3333333333333335
"go sms pro - messenger, free themes, emoji",1.5769230769230769
groupme,2.282051282051282
bbm - free calls & messages,1.5142857142857142
2ndline - second phone number,-0.05
"cm browser - ad blocker , fast download , privacy",2.5
du browser‚Äîbrowse fast & fun,1.95
contacts+,1.9210526315789473
exdialer - dialer & contacts,2.0689655172413794
full screen caller id,2.193548387096774
"callapp: caller id, blocker & phone call recorder",12.0
cia - caller id & call blocker,1.0714285714285714
calls blacklist - call blocker,3.0
call control - call blocker,0.0
burner - free phone number,5.0
caller id +,-2.0
all email providers,0.6
go notifier,1.6176470588235294
"hily: dating, chat, match, meet & hook up",0.43137254901960786
hinge: dating & relationships,2.63768115942029
bbw dating & plus size chat,0.6486486486486487
cmb free dating app,2.140845070422535
free dating app & flirt chat - match with singles,1.3333333333333333
black people meet singles date,1.5714285714285714
free dating app & flirt chat - cheers,1.34375
free dating hook up messenger,5.640625
blk - swipe. match. chat.,1.675
cougar dating life : date older women sugar mummy,2.8461538461538463
free dating & flirt chat - choice of love,0.5714285714285714
bewild free dating & chat app,5.631578947368421
"fastmeet: chat, dating, love",1.4666666666666666
"free dating app - yocutie - flirt, chat & meet",0.7457627118644068
dating for 50 plus mature singles ‚Äì finally,2.7142857142857144
christian dating for free app,2.8947368421052633
"hide app, private dating, safe chat - privacyhider",-0.33962264150943394
free dating app - meet local singles - flirt chat,-0.23880597014925373
"chat rooms, avatars, date - galaxy",0.8108108108108109
gay sugar daddy dating & hookup ‚Äì sudy gay,1.794871794871795
bbwcupid - bbw dating app,1.6666666666666667
chatvideo meet new people,1.2702702702702702
flirtchat - ‚ô•free dating/flirting app‚ô•,1.6285714285714286
"herpes dating: 1,000k+ singles",2.40625
95live -sg#1 live streaming app,0.5897435897435898
2redbeans,2.41025641025641
"biggercity: chat for gay bears, chubs & chasers",3.025
herpes positive singles dating,2.857142857142857
bbw dating & curvy singles chat- largefriends,2.026666666666667
hitwe - meet people and chat,0.5555555555555556
ferzu - furries social network,1.0769230769230769
"2date dating app, love and matching",2.3947368421052633
free live talk-video call,0.0
duolingo: learn languages free,4.295833333333333
babbel ‚Äì learn languages,2.3541666666666665
flippy campus - buy & sell on campus at a discount,2.7058823529411766
abc preschool free,1.5833333333333333
english with lingualeo,2.0
brilliant,2.2142857142857144
c++ tutorials,2.3333333333333335
c++ programming,1.6111111111111112
c programming,3.657142857142857
gmat question bank,1.0294117647058822
gre tutor,3.948717948717949
gre flashcards,2.5555555555555554
gmat math flashcards,2.25
gre prep & practice by magoosh,2.388888888888889
babbel ‚Äì learn spanish,1.7179487179487178
homework,6.0
common core,1.625
homework planner,3.864864864864865
edmodo,2.085714285714286
"hellotalk ‚Äî chat, speak & learn foreign languages",-2.6666666666666665
canvas student,1.0
easybib: citation generator,0.5789473684210527
hotstar,-1.59375
h tv,1.1025641025641026
dstv now,0.0
bbc media player,0.25
amazon prime video,5.0
cinemark theatres,1.15
fandango movies - times + tickets,1.696969696969697
harkins theatres,-0.7272727272727273
amc theatres,1.6666666666666667
food network,0.7605633802816901
cooking channel,2.1025641025641026
animal planet go,2.0
crunchyroll - everything anime,4.425
acorn tv: world-class tv from britain and beyond,0.5652173913043478
history: watch tv show full episodes & specials,2.1639344262295084
fox now - on demand & live tv,-0.23636363636363636
a&e - watch full episodes of tv shows,2.1842105263157894
bet now - watch shows,-0.16666666666666666
comedy central,0.825
cw seed,2.111111111111111
hbo go: stream with tv package,0.12
fox,0.8717948717948718
hamilton ‚Äî the official app,2.861111111111111
funny pics,3.8666666666666667
colorfy: coloring book for adults - free,1.2330827067669172
all events in city,2.64
droidadmin for android - advice,0.1282051282051282
happy birthday songs offline,2.411764705882353
"gametime - tickets to sports, concerts, theater",3.27027027027027
goldstar: live event tickets,3.4
citibanamex movil,0.8205128205128205
bualuang mbanking,-0.029411764705882353
bbva spain,2.212121212121212
ecobank mobile banking,-0.9487179487179487
banorte movil,0.9230769230769231
credit karma,2.9714285714285715
bzwbk24 mobile,1.5217391304347827
"gcash - buy load, pay bills, send money",-0.21212121212121213
google pay,1.3846153846153846
"even - organize your money, get paid early",1.6428571428571428
digit save money automatically,3.892857142857143
acorns - invest spare change,0.6
expense iq money manager,2.967741935483871
experian - free credit report,1.0869565217391304
branch,1.35
creditwise from capital one,2.5526315789473686
credit sesame,1.2105263157894737
fresh ebt - food stamp balance,2.0
cnbc: breaking business news & live market data,1.6216216216216217
bloomberg professional,0.075
e*trade mobile,0.0
fox business,1.0
current debit card and app made for teens,3.025
betterment,1.325
citizens bank mobile banking,0.15384615384615385
gobank,0.717948717948718
bbva compass banking,1.1379310344827587
bankmobile vibe app,3.0869565217391304
ace elite,1.5454545454545454
associated credit union mobile,2.3714285714285714
bank of america mobile banking,1.9375
discover mobile,3.0
amex mobile,0.8888888888888888
citi mobile¬Æ,-0.6
chase mobile,1.5
hdfc bank mobilebanking,0.5714285714285714
barclays us for android,-0.225
easy recipes,2.275
debonairs pizza,1.0
dunkin' donuts,2.0789473684210527
grubhub: food delivery,1.105263157894737
domino's pizza usa,3.3962264150943398
dairy queen,1.3333333333333333
healthy recipes free,2.4358974358974357
cookbook recipes,2.810810810810811
easy healthy recipes,4.103448275862069
allrecipes dinner spinner,2.9473684210526314
cookpad,1.9444444444444444
"bigoven recipes, meal planner, grocery list & more",3.25
foursquare city guide,1.4642857142857142
eat24 food delivery & takeout,1.025
beyondmenu food delivery,2.1842105263157894
eatstreet food delivery app,2.5405405405405403
caviar - food delivery,1.2564102564102564
doordash - food delivery,0.2
home workout - no equipment,4.538461538461538
30 day fitness challenge - workout at home,2.3548387096774195
home workout for men - bodybuilding,3.8461538461538463
fat burning workout - home weight lose,1.3888888888888888
fitbit,-0.6666666666666666
cycling - bike tracker,1.88
abs training-burn belly fat,1.75
calorie counter - easyfit free,3.8378378378378377
garmin connect‚Ñ¢,1.25
betterme: weight loss workouts,2.2162162162162162
bike computer - gps cycling tracker,1.9487179487179487
calorie counter - myfitnesspal,1.2992125984251968
8fit workouts & meal planner,3.280701754385965
couch to 10k running trainer,3.5
"home workouts - fat burning, abs, legs, arms,chest",3.625
"fabulous: motivate me! meditate, relax, sleep",4.625
7 minute workout,4.181818181818182
freeletics: personal trainer & fitness workouts,1.1875
daily workouts - exercise fitness routine trainer,3.0
google fit - fitness tracking,0.55
daily yoga - yoga fitness plans,4.583333333333333
down dog: great yoga anywhere,5.975
21-day meditation experience,3.325
"calm - meditate, sleep, relax",3.0
headspace: meditation & mindfulness,2.0
best ovulation tracker fertility calendar app glow,3.0
"eve period tracker - love, sex & relationships app",5.0
couch to 5k by rundouble,2.41025641025641
fooducate healthy weight loss & calorie counter,2.5135135135135136
calorie counter - mynetdiary,2.5611510791366907
10 best foods for you,3.288659793814433
calorie counter - macros,3.81
health and nutrition guide,2.4375
calorie counter & diet tracker,2.948148148148148
food calorie calculator,0.4146341463414634
eat fit - diet and health free,2.1666666666666665
happify,3.75
binaural beats therapy,2.076923076923077
brain waves - binaural beats,1.625
7 cups: anxiety & stress chat,1.875
apartments & rentals - zillow,1.7727272727272727
"homes.com üè† for sale, rent",1.2380952380952381
"apartment list: housing, apt, and property rentals",2.5531914893617023
gold butterfly keyboard theme,2.1538461538461537
"apartment, home rental search: realtor.com rentals",0.2
diy on a budget,3.272727272727273
free foreclosure real estate search by ushud.com,-0.08108108108108109
home security camera wardencam - reuse old phones,1.8076923076923077
apartments.com rental search,0.34782608695652173
alfred home security camera,1.8666666666666667
home decor showpiece art making: medium difficulty,1.92
colorsnap¬Æ visualizer,-0.1794871794871795
apartment decorating ideas,4.0
bathroom decorating ideas,1.95
homesnap real estate & rentals,2.4285714285714284
aviary effects: classic,1.4594594594594594
chakra cleansing,3.025
aviary stickers: free pack,2.5945945945945947
binaural beats meditation,2.15
essential resources,2.625
apk installer,1.2592592592592593
cool popular ringtones 2018 üî•,1.25
barcode scanner,1.972972972972973
eyecloud,0.48717948717948717
easy hair style design,2.8666666666666667
easy makeup tutorials,1.4722222222222223
horoscopes ‚Äì daily zodiac horoscope and astrology,2.057142857142857
entel,0.07692307692307693
diary with lock,4.565656565656566
fossil q: design your dial,1.1818181818181819
family locator - gps tracker,1.982608695652174
htc speak,-0.7692307692307693
h&m,0.5135135135135135
anime avatar creator: make your own avatar,2.142857142857143
beautiful design birthday cake,1.75
h pack,0.05
fashion in vogue,0.9026548672566371
big days - events countdown,2.2222222222222223
diy garden ideas,3.088235294117647
brit + co,0.875
homestyler interior design & decorating ideas,2.8823529411764706
etta homes,2.717948717948718
home scouting¬Æ mls mobile,0.8125
housing-real estate & property,-0.14285714285714285
bed time fan - white noise sleep sounds,3.0
7 day food journal challenge,2.0
candy crush saga,2.975
bubble shooter,2.089655172413793
hello kitty nail salon,1.2923076923076924
clash royale,4.036363636363636
helix jump,4.681318681318682
block puzzle,2.064935064935065
angry birds rio,1.2564102564102564
candy crush soda saga,0.5180722891566265
clash of clans,4.151515151515151
block puzzle classic legend !,2.2777777777777777
8 ball pool,2.4383561643835616
bubble witch 3 saga,3.4193548387096775
granny,4.172413793103448
angry birds classic,0.4725274725274725
flow free,3.8896103896103895
fishdom,5.056910569105691
galaxy attack: alien shooter,2.298507462686567
bubble shooter 2,1.8181818181818181
barbie‚Ñ¢ fashion closet,2.4805194805194803
candy crush jelly saga,0.5342465753424658
hill climb racing,2.3636363636363638
gardenscapes,2.9774436090225564
farm heroes saga,1.6818181818181819
cut the rope full free,3.2142857142857144
cooking fever,2.6
garena free fire,0.36036036036036034
bowmasters,2.46474358974359
dream league soccer 2018,3.6666666666666665
fruits bomb,2.2531645569620253
hill climb racing 2,4.28125
farm fruit pop: party time,2.161290322580645
color by number ‚Äì new coloring book,3.3783783783783785
extreme car driving simulator,1.5
color road,1.1891891891891893
draw in,3.0
baseball boy!,1.3
episode - choose your story,2.05625
hello stars,1.8208955223880596
flip the gun - simulator game,0.6923076923076923
harry potter: hogwarts mystery,4.37037037037037
grim soul: dark fantasy survival,3.638888888888889
dragon ball legends,3.92814371257485
disney heroes: battle mode,1.0
homescapes,4.730769230769231
hero hunters,3.2
cooking madness - a chef's restaurant games,3.2972972972972974
dino war: rise of beasts,1.7037037037037037
guns of glory,0.625
final fantasy xv: a new empire,2.4375
chapters: interactive stories,4.5
honkai impact 3rd,6.921052631578948
farming simulator 18,2.8974358974358974
call of duty:black ops zombies,-0.6666666666666666
angry birds 2,2.896551724137931
fallout shelter,9.5
best fiends - free puzzle game,9.0
choices: stories you play,3.5128205128205128
game of thrones: conquest‚Ñ¢,1.5555555555555556
final fantasy brave exvius,4.157894736842105
fate/grand order (english),3.3
dungeon hunter champions: epic online action rpg,2.35
doodle jump,1.7555555555555555
crossy road,3.879120879120879
dude perfect 2,5.25
alto's adventure,3.4285714285714284
deer hunter 2018,-0.3333333333333333
dead target: fps zombie apocalypse survival games,2.904
anger of stick 5 : zombie,2.3333333333333335
cats: crash arena turbo stars,2.982456140350877
dino hunter: deadly shores,2.5652173913043477
extreme match,2.2142857142857144
agar.io,-0.0661764705882353
battlelands royale,3.6292134831460676
arrow.io,1.736842105263158
beyblade burst app,2.25
dragon hills,3.1333333333333333
dc super hero girls‚Ñ¢,4.588235294117647
dinosaur simulator: dino world,0.46153846153846156
gunship battle: helicopter 3d,2.0294117647058822
bubble shooter genies,2.3
blossom blast saga,3.611111111111111
candy bomb,2.638888888888889
gems or jewels ?,2.2051282051282053
fruit block - puzzle legend,-4.0
bubble shooter space,2.1666666666666665
1line ‚Äì one line with one touch,1.894736842105263
dog run - pet dog simulator,4.041095890410959
coloring & learn,2.8947368421052633
educational games 4 kids,2.4473684210526314
candy pop story,1.725
candy smash,2.125
happy fruits bomb - cube blast,1.2
baby panda care,2.0
baby puzzles,1.0588235294117647
garden fruit legend,2.9743589743589745
candy day,2.0
abc kids - tracing & phonics,3.7027027027027026
barbie magical fashion,4.193548387096774
farming simulator 14,4.294117647058823
educational games for kids,3.1666666666666665
hot wheels: race off,1.45
baby tiger care - my cute virtual pet friend,1.8888888888888888
disneynow ‚Äì tv shows & games,3.5714285714285716
drawing for kids learning games for toddlers age 3,7.0
baby panda‚Äôs juice shop,3.0
dr. panda restaurant 3,2.0588235294117645
baby abc in box! kids alphabet games for toddlers!,2.7567567567567566
happy street,4.136363636363637
dr. panda town: vacation,2.1142857142857143
fuzzy seasons: animal forest,6.357142857142857
basketball frvr - shoot the hoop and slam dunk!,2.3714285714285714
extreme racing 2 - real driving rc cars game!,-0.2777777777777778
disney magic kingdoms: build your own magical park,2.2127659574468086
equestria girls,3.081081081081081
doctor pets,2.375
frozen free fall,2.1166666666666667
dominos game ‚úîÔ∏è,0.358974358974359
checkers ‚úîÔ∏è,1.5277777777777777
all-in-one mahjong 3 free,1.0
dreamworks friends,0.8181818181818182
dr. panda & toto's treehouse,5.527777777777778
fun kid racing - motocross,2.1666666666666665
barbie life‚Ñ¢,4.421052631578948
hello kitty lunchbox,1.8529411764705883
cooking mama let's cook!,2.8333333333333335
fun kid racing,2.303030303030303
abcmouse.com,1.9444444444444444
essential anatomy 3,3.65
diabetes & diet tracker,3.4324324324324325
goodrx drug prices and coupons,2.6486486486486487
followmyhealth¬Æ,2.6842105263157894
blood pressure,3.5128205128205128
doctor on demand,2.361111111111111
biolife plasma services,0.6153846153846154
anthem anywhere,0.03076923076923077
blood donor,1.641025641025641
1800 contacts - lens store,2.3
blood pressure log - mydiary,4.15
cvs caremark,0.4358974358974359
ada - your health guide,3.5396825396825395
all mental disorders,1.9230769230769231
delta dental,-0.15
drugs.com medication guide,2.6923076923076925
healthelife,0.775
anatomy learning - 3d atlas,4.527777777777778
baritastic - bariatric tracker,2.875
epocrates plus,2.15
banfield pet health tracker,0.325
davis's drug guide for nurses,3.3333333333333335
diabetes:m,3.1794871794871793
hesi a2 pocket prep,1.7333333333333334
davis's drug guide,0.0
free hypnosis,4.266666666666667
dosecast - medication reminder,2.5789473684210527
anthem bc anywhere,-0.4838709677419355
high blood pressure symptoms,2.2972972972972974
blood pressure(bp) diary,0.35
airway ex - intubate. anesthetize. train.,1.794871794871795
belong beating cancer together,2.3684210526315788
connectline,1.5263157894736843
facebook,-1.128787878787879
facebook lite,-0.06896551724137931
all social networks,0.0
google+,3.0
"hide something - photo, video",1.8333333333333333
amino: communities and chats,1.7428571428571429
facebook local,0.8
htc social plugin - facebook,-1.3846153846153846
family gps tracker kidcontrol + gps by sms locator,1.21875
badoo - free chat & dating app,0.75
"free phone calls, free texting sms on free number",2.0
blogger,2.4210526315789473
bloglovin',1.7692307692307692
blogaway for android (blogger),1.3611111111111112
banjo,2.230769230769231
frontback - social photos,1.0
couple - relationship app,9.608695652173912
"dating app, flirt & chat : w-match",1.3333333333333333
amazon for tablets,1.05
"aliexpress - smarter shopping, better living",1.6888888888888889
amazon shopping,1.3111111111111111
flipp - weekly shopping,2.870967741935484
gs shop,1.8421052631578947
family dollar,1.3428571428571427
11st,0.8717948717948718
flipkart online shopping app,1.8214285714285714
checkpoints üèÜ rewards app,2.225
extreme coupon finder,1.0714285714285714
checkout 51: grocery coupons,1.5769230769230769
gyft - mobile gift card wallet,-0.25
"groupon - shop deals, discounts & coupons",3.466666666666667
"ebates: cash back, coupons, rewards & savings",2.0526315789473686
fidme loyalty cards & deals at grocery supermarket,3.0
hautelook,1.6363636363636365
etsy: handmade & vintage goods,2.0256410256410255
asos,3.378787878787879
find&save - local shopping,1.3870967741935485
boxed wholesale,3.15
freeprints ‚Äì free photos delivered,4.138888888888889
groovebook photo books & gifts,3.6153846153846154
google photos,1.8952879581151831
hd camera - best cam with filters & panorama,2.0833333333333335
"face filter, selfie editor - sweet camera",2.176470588235294
adobe photoshop express:photo editor collage maker,3.4761904761904763
hd camera - quick snap photo & video,2.411764705882353
b612 - beauty & filter camera,2.0
hd camera,-2.0
garden photo frames - garden photo editor,1.3846153846153846
beautyplus - easy photo editor & selfie camera,2.0
dslr camera hd ultra professional,0.5526315789473685
"candy selfie - photo editor, live filter camera",1.8484848484848484
blur image background editor (blur photo editor),1.6923076923076923
flickr,1.484375
"cymera camera- photo editor, filter,collage,layout",2.5256410256410255
"candy camera - selfie, beauty camera, photo editor",2.5
blur image background,1.8181818181818181
hd camera ultra,3.0
cameringo lite. filters camera,2.7777777777777777
hd camera pro for android,0.8823529411764706
hd camera for android,2.3846153846153846
gopro (formerly capture),-0.23076923076923078
beauty makeup snappy collage photo editor - lidow,1.5
"high-speed camera (gif,burst)",2.3703703703703702
eyeem - camera & photo filter,2.945945945945946
filtergrid - cam&photo editor,0.7714285714285715
color touch effects,0.9473684210526315
font studio- photo texts image,1.1176470588235294
add text to photo,1.9411764705882353
free sports tv,1.7407407407407407
"fifa - tournaments, soccer news & live scores",1.2820512820512822
football live scores,3.4411764705882355
besoccer - soccer live score,1.9166666666666667
"cbs sports app - scores, news, stats & watch live",0.9375
bbc sport,1.2448979591836735
all football - latest news & videos,2.4375
eurosport,-0.39473684210526316
"all football go- live score, games",2.6666666666666665
championat,1.65
goal live scores,1.2
"hole19: golf gps app, rangefinder & scorecard",4.368421052631579
cbs sports fantasy,0.8333333333333334
golf channel,-0.3
"golfnow: tee time deals at golf courses, golf gps",1.868421052631579
golf gps by swingxswing,2.2
golfshot: golf gps + tee times,2.7
golf gps rangefinder: golf pad,4.102564102564102
golflogix gps + putt breaks,-0.2564102564102564
golfshot plus: golf gps,2.925
fanduel: daily fantasy sports,3.4545454545454546
draftkings - daily fantasy sports,2.75
fantasy football manager (fpl),1.9705882352941178
fantasy football,0.13043478260869565
"fox sports: live streaming, scores & news",1.7878787878787878
850 sports news digest,4.9743589743589745
365scores - live scores,2.142857142857143
cricbuzz - live cricket scores & news,1.1842105263157894
fantasy football & nfl news,3.323529411764706
"expedia hotels, flights & car rental travel deals",0.734375
hopper - watch & book flights,2.0
citymaps2go plan trips travel guide offline maps,3.125
hotels.com: book hotel rooms & find vacation deals,1.1323529411764706
booking.com travel deals,0.21666666666666667
hostelworld: hostels & cheap hotels travel app,2.8
google trips - travel planner,2.0
airbnb,1.467741935483871
gps map free,3.0
google earth,1.7105263157894737
gasbuddy: find cheap gas,1.8
"at&t navigator: maps, traffic",0.2413793103448276
google street view,-1.0
airasia,-0.7142857142857143
goibibo - flight hotel bus car irctc booking app,1.8157894736842106
allegiant,-0.3333333333333333
amtrak,0.02564102564102564
flight & hotel booking app - ixigo,2.1818181818181817
foursquare swarm: check in,0.034482758620689655
flightradar24 flight tracker,2.46875
fly delta,1.619718309859155
2gis: directory & navigator,1.225
american airlines,-0.13953488372093023
find dining restaurant finder,4.714285714285714
hipmunk hotels & flights,2.8857142857142857
cwt to go,1.9473684210526316
british airways,1.0
cheap flights & hotels momondo,1.641025641025641
"cheaptickets ‚Äì hotels, flights & travel deals",1.7027027027027026
flights,0.11538461538461539
cheapflights ‚Äì flight search,2.41025641025641
choice hotels,2.0
couchsurfing travel app,1.794871794871795
hotwire hotel & car rental app,0.7575757575757576
hoteltonight: book amazing deals at great hotels,3.204724409448819
hotels combined - cheap deals,1.1666666666666667
agoda ‚Äì hotel booking deals,1.9428571428571428
ascape vr: 360¬∞ virtual travel,1.7777777777777777
cheap hotel deals and discounts ‚Äî hotellook,1.3333333333333333
gps status & toolbox,1.6857142857142857
airport + flight tracker radar,1.5454545454545454
dreamtrips,2.5
google,1.368421052631579
google translate,4.0
cache cleaner-du speed booster (booster & cleaner),1.9230769230769231
device help,0.05405405405405406
account manager,-1.8484848484848484
file manager,1.6363636363636365
"calculator - free calculator, multi calculator app",0.5
asus sound recorder,2.75
files go by google: free up space on your phone,2.6470588235294117
file manager -- take command of your files easily,1.2727272727272727
htc lock screen,-0.3076923076923077
gboard - the google keyboard,1.9210526315789473
at&t smart wi-fi,0.85
htc sense input,0.075
app vault,-0.14285714285714285
duraspeed,0.32432432432432434
htc sense input-ar,1.425
digital alarm clock,1.7887323943661972
alarm clock free,0.4117647058823529
alarm clock,0.16666666666666666
high-powered flashlight,2.1176470588235294
flashlight & led torch,0.92
color flashlight,1.1818181818181819
flashlight,1.9428571428571428
"cm flashlight (compass, sos)",2.0
flashlight hd led,1.9655172413793103
flashlight - torch led light,2.1666666666666665
brightest led flashlight,1.625
brightest flashlight free ¬Æ,4.0
fraction calculator plus free,2.032258064516129
calculator plus free,2.5
calcu‚Ñ¢ stylish calculator free,2.526315789473684
calculator with percent (free),1.5
graphing calculator,1.7848101265822784
convertpad - unit converter,1.15
age calculator,1.46875
ezcalculator,2.8157894736842106
hideman vpn,0.2903225806451613
fast secure vpn,1.056338028169014
free & premium vpn - finchvpn,2.935483870967742
hotspot shield free vpn proxy & wi-fi security,1.2352941176470589
freedome vpn unlimited anonymous wifi security,1.2727272727272727
"go keyboard - cute emojis, themes and gifs",1.1379310344827587
google handwriting input,1.3421052631578947
cm locker - security lockscreen,1.872093023255814
applock - fingerprint,1.736842105263158
applock,-0.6153846153846154
3d live neon weed launcher,1.5
evie launcher,4.3125
golden launcher,2.763157894736842
"cm launcher 3d - theme, wallpapers, efficient",1.8333333333333333
4k wallpapers and ultra hd backgrounds,4.555555555555555
birds sounds ringtones & wallpapers,1.8918918918918919
funny alarm clock ringtones,1.2592592592592593
diamond zipper lock screen,1.5
backgrounds (hd wallpapers),2.966666666666667
"apus launcher - theme, wallpaper, hide apps",2.161290322580645
apex launcher,0.5
goku wallpaper art,2.6285714285714286
door lock screen,2.2564102564102564
asus cover for zenfone 2,2.1666666666666665
colorful glitter neon butterfly keyboard theme,0.8125
"fun keyboard ‚Äì emoji keyboard, sticker,theme & gif",1.8333333333333333
freeme launcher‚Äîstylish theme,1.7428571428571429
beautiful widgets pro,1.972972972972973
beautiful widgets free,-0.125
hd widgets,1.7741935483870968
dashclock widget,0.0
fancy widgets,4.25
best wallpapers qhd,4.628571428571429
dog licks screen wallpaper,1.911764705882353
flowers live wallpaper,1.2424242424242424
galactic core free wallpaper,4.333333333333333
asteroids 3d live wallpaper,2.129032258064516
backgrounds hd (wallpapers),2.066666666666667
butterfly live wallpaper,3.392857142857143
horses live wallpaper,2.0
buzz launcher-smart&free theme,2.6666666666666665
big launcher,1.7
"go keyboard - emoticon keyboard, free theme, gif",1.7878787878787878
2018emoji keyboard üòÇ emoticons lite -sticker&gif,2.15625
"all-in-one toolbox: cleaner, booster, app manager",2.909090909090909
adobe acrobat reader,1.9259259259259258
"avg cleaner ‚Äì speed, battery & memory booster",3.2285714285714286
chrome beta,1.631578947368421
google pdf viewer,1.575
calculator - unit converter,3.0
google keep,1.8583333333333334
archos file manager,0.5483870967741935
asus supernote,1.7391304347826086
htc file manager,0.3333333333333333
dropbox,1.2105263157894737
asus quick memo,0.0
htc calendar,-0.6666666666666666
asus calling screen,0.0
content transfer,1.275
"evernote ‚Äì organizer, planner for notes & memos",0.34615384615384615
htc mail,0.025
advanced task killer,0.5333333333333333
do it later: tasks & to-dos,0.9117647058823529
hacker's keyboard,4.175
7 weeks - habit & goal tracker,4.785714285714286
"any.do: to-do list, calendar, reminders & planner",2.0816326530612246
easy voice recorder,3.58974358974359
dashlane free password manager,7.0
file browser by astro (file manager),1.3333333333333333
file explorer,1.565217391304348
androzip‚Ñ¢ free file manager,1.0
google slides,6.0
colornote notepad notes,3.946564885496183
calendar+ schedule planner app,15.0
calendar widget month + agenda,0.5
digical calendar agenda,2.739130434782609
business calendar 2,2.68
g cloud backup,2.0689655172413794
amazon drive,2.7777777777777777
baby panda learns shapes,2.4594594594594597
family album mitene: private photo & video sharing,3.230769230769231
family gps tracker and chat + baby monitor online,2.8378378378378377
baby name together,2.324324324324324
"amazon freetime ‚Äì kids‚Äô videos, books, & tv shows",3.4571428571428573
baby panda musical genius,2.2432432432432434
baby monitor,3.2
daniel tiger for parents,7.333333333333333
accuweather: daily forecast & live weather reports,1.375
free live weather on screen,2.3947368421052633
ape weather ( live forecast),2.4545454545454546
"go weather - widget, theme, wallpaper, efficient",1.2727272727272727
htc weather,0.07894736842105263
forecaweather,1.631578947368421
all video downloader 2018,2.0
hd video player,2.4210526315789473
hd movie video player,1.2580645161290323
htc service Ôºç dlna,-1.6486486486486487
htc service‚Äîvideo player,0.6
droid zap by motorola,-0.2
htc gallery,-0.35714285714285715
blutv,1.36
"fox news ‚Äì breaking news, live video & news alerts",-0.29523809523809524
bbc news,0.6031746031746031
"free tv shows app:news, tv series, episode, movies",2.864864864864865
cnn breaking us & world news,0.20535714285714285
"dailyhunt (newshunt) - latest news, viral videos",-0.75
ary news urdu,0.8823529411764706
google news,2.3076923076923075
"breaking news, local news, attacks and alerts free",1.7037037037037037
ary news,1.303030303030303
flipboard: news for our time,1.4615384615384615
beyondpod podcast manager,0.55
"buzzfeed: news, tasty, quizzes",1.1971830985915493
fast news,1.4615384615384615
financial times,2.3
digg,0.9090909090909091
bloomberg: market & financial news,0.45
haystack tv: local & world news - free,2.2666666666666666
abc news - us & world news,-0.21428571428571427
ap mobile - breaking news,2.0555555555555554
ac - tips & news for android‚Ñ¢,1.5142857142857142
cbs news,0.0
"aol - news, mail & video",0.8181818181818182
baconreader for reddit,1.303030303030303
air traffic,1.2272727272727273
atlan3d navigation: korea navigator,2.138888888888889
czech public transport idos,1.4285714285714286
gps speedometer and odometer,4.0
gps traffic speedcam route planner by viamichelin,1.2777777777777777
"gps speedometer, distance meter",2.0625
findship,0.8823529411764706
a call from santa claus!,2.3823529411764706
a word a day,2.75
akinator,1.9473684210526316
dog sim online: raise a family,6.5
color by number - draw sandbox pixel art,2.2717391304347827
a+ mobile,1.5952380952380953
build a bridge!,1.8604651162790697
find a way: addictive puzzle,4.866666666666666
comptia a+ 220-901 & 220-902,2.0344827586206895
azar,0.25
4 in a row,2.75
asphalt 8: airborne,2.0547945205479454
basketball stars,1.5393258426966292
fake call - fake caller id,1.9701492537313432
four in a line free,2.111111111111111
autocad - dwg viewer & editor,1.25
fortune city - a finance app,3.6666666666666665
draw a stickman,0.0
be a legend: soccer,-0.3673469387755102
bible,3.381443298969072
cat sim online: play with cats,4.639344262295082
four in a line,3.1311475409836067
hay day,2.180327868852459
fruit ninja¬Æ,2.0
"du recorder ‚Äì screen recorder, video editor, live",2.4827586206896552
bad piggies,1.896103896103896
dumb ways to die 2: the games,0.8108108108108109
"ad - nieuws, sport, regio & entertainment",0.8421052631578947
diary with lock password,2.5576923076923075
avakin life - 3d virtual world,3.4782608695652173
a+ gallery - photos & videos,1.4390243902439024
